tweet_text,PREPROCESSED_tweet_text,SENTIMENT_PREPROCESSED_tweet_text,TOPIC_PREPROCESSED_tweet_text,LANG_PREPROCESSED_tweet_text
@YasarAcarFenLis Ã‡Ã¼nkÃ¼ Mehmet Ã‡obankent var, mehmet Ã§obankent,negative,4,bs
"Next, next, next olmadan paket mi kurulur, windoz neler yapÄ±yor bÃ¶yle https://t.co/bQalVclJ7v","next, next, next olmadan paket kurulur, windoz neler ",positive,3,ku
ARGE'nin duvarlarÄ±nÄ±n dili olsa da konuÅŸsa... @enscngvn https://t.co/AYD0LHonJN,arge'nin duvarlarÄ±nÄ±n dili konuÅŸsa...  ,positive,2,tr
@mschoening Approving pull request with Tinder-like swipe UI, approving pull request with tinder-like swipe ui,positive,4,en
@ProfDemirtas Simetrik Ä°nternet seÃ§eneklerini deÄŸerlendirebilirsiniz. Upload ve download hÄ±zÄ±nÄ±n birbirine neredeyse eÅŸit., simetrik iÌ‡nternet seÃ§eneklerini deÄŸerlendirebilirsiniz. upload download hÄ±zÄ±nÄ±n birbirine neredeyse eÅŸit.,negative,1,tr
"@CoderBora Hi
None"," hi
none",negative,0,it
@enscngvn Gurur duyulur., gurur duyulur.,positive,3,az
"RT @SSDergilik: â€¢ SSB, TÃ¼rkiye Siber GÃ¼venlik KÃ¼melenmesi (@siberkume) ve Siber KulÃ¼pler BirliÄŸi (@SiberKulupler) tarafÄ±ndan dÃ¼zenlenen, Baâ€¦","rt  â€¢ ssb, tÃ¼rkiye siber gÃ¼venlik kÃ¼melenmesi ( siber kulÃ¼pler birliÄŸi ( dÃ¼zenlenen, baâ€¦",positive,3,tr
Pandas artÄ±k stabil versiyonda. GÃ¶nÃ¼l rahatlÄ±ÄŸÄ±yla prod ortamlarÄ±nÄ±zda kullanabilirsiniz. https://t.co/iPIatHtwHV,pandas stabil versiyonda. gÃ¶nÃ¼l rahatlÄ±ÄŸÄ±yla prod ortamlarÄ±nÄ±zda kullanabilirsiniz. ,negative,1,tr
"""TÄ±bbi yapay zekayÄ± dÄ±ÅŸardan satÄ±n alamazsÄ±nÄ±z"" kongrenin en etkileyici cÃ¼mlelerindendi. TeÅŸekkÃ¼rler @drmelihbulutgm1 hocam.","""tÄ±bbi yapay zekayÄ± dÄ±ÅŸardan satÄ±n alamazsÄ±nÄ±z"" kongrenin etkileyici cÃ¼mlelerindendi. teÅŸekkÃ¼rler  hocam.",positive,2,tr
YaÅŸasÄ±n Samsung kazanmÄ±ÅŸÄ±m. Hem de es sekiz. (AdÄ±mÄ± nereden buldunuz AllahsÄ±zlarğŸ˜‚) https://t.co/7QLXuR0BOR,yaÅŸasÄ±n samsung kazanmÄ±ÅŸÄ±m. es sekiz. (adÄ±mÄ± nereden buldunuz allahsÄ±zlar) ,positive,4,tr
@Mudemrtas HaklÄ±., haklÄ±.,positive,3,tr
25 KasÄ±m'da vermiÅŸ olduÄŸum sipariÅŸi 12 AralÄ±k olmasÄ±na raÄŸmen ulaÅŸtÄ±ramÄ±yorsanÄ±z adÄ±nÄ±zdaki jet niÃ§in var ? @hepsijet @hepsiburada,kasÄ±m'da vermiÅŸ olduÄŸum sipariÅŸi  aralÄ±k olmasÄ±na ulaÅŸtÄ±ramÄ±yorsanÄ±z adÄ±nÄ±zdaki jet ?  ,negative,1,tr
@tunix Boostnote, boostnote,positive,1,sl
@sdogruyol What's your main motivation for switching to Windows ?, what's your main motivation for switching to windows ?,positive,1,en
"Sevgili Ã¶lÃ¼cÃ¼ler, Shodan 49 dolardan 1 dolara dÃ¼ÅŸtÃ¼. SaldÄ±rÄ±n ... https://t.co/JlkVK1b9e6","sevgili Ã¶lÃ¼cÃ¼ler, shodan  dolardan  dolara dÃ¼ÅŸtÃ¼. saldÄ±rÄ±n ... ",negative,2,tr
#STMCTF19 offline aÅŸamadaki sorular hakkÄ±nda dÃ¼ÅŸÃ¼ncelerimi paylaÅŸtÄ±m. https://t.co/4SCnvamxN0 #Writeup, offline aÅŸamadaki sorular hakkÄ±nda dÃ¼ÅŸÃ¼ncelerimi paylaÅŸtÄ±m.  ,negative,2,tr
@enscngvn @heersli GardaÅŸ sen Sivas'Ä±n neresindensin ?,  gardaÅŸ sivas'Ä±n neresindensin ?,negative,2,tr
@tkobalas @Th3Gundy @mserdark TeÅŸekkÃ¼rler TarÄ±k abi,   teÅŸekkÃ¼rler tarÄ±k abi,positive,1,tr
"RT @Th3Gundy: Son dakikasÄ±na kadar Ã§ekiÅŸmeli geÃ§en #STMCTF'i 3.lÃ¼k ile bitirdik.
TakÄ±m arkadaÅŸlarÄ±mÄ± @tolgaakkapulu @btahtaci @Burakcarikciâ€¦","rt  son dakikasÄ±na Ã§ekiÅŸmeli geÃ§en  .lÃ¼k bitirdik.
takÄ±m arkadaÅŸlarÄ±mÄ±   ",positive,0,tr
MÃ¼kemmel geÃ§en bir #STMCTF19 ardÄ±ndan... #CTZer0 @Th3Gundy @mserdark https://t.co/llRBX4KzBL,mÃ¼kemmel geÃ§en  ardÄ±ndan...    ,positive,3,tr
RT @StmCTF: #STMCTF2019â€™da Ã¼Ã§Ã¼ncÃ¼lÃ¼ÄŸÃ¼n sahibi olan ct-zero takÄ±mÄ± Ã¶dÃ¼llerini STM Genel MÃ¼dÃ¼r YardÄ±mcÄ±mÄ±z Sn. Ã–mer Korkutâ€™dan aldÄ±. Tebrikleâ€¦,rt   Ã¼Ã§Ã¼ncÃ¼lÃ¼ÄŸÃ¼n sahibi ct-zero takÄ±mÄ± Ã¶dÃ¼llerini stm genel mÃ¼dÃ¼r yardÄ±mcÄ±mÄ±z sn. Ã¶mer korkutâ€™dan aldÄ±. tebrikleâ€¦,positive,0,tr
"RT @fchollet: Are you a deep learning researcher? Wondering if all this TensorFlow 2.0 stuff you heard about is relevant to you?

This threâ€¦","rt  are you deep learning researcher? wondering if all this tensorflow . stuff you heard about is relevant to you?

this threâ€¦",positive,2,en
@awscloud What a poor quality screenshot and it's not relevant to SageMaker..., what poor quality screenshot and it's not relevant to sagemaker...,positive,4,en
@AnkaraGophers @ilkbyte Debian kurmak istiyorum,  debian kurmak istiyorum,positive,4,tr
"RT @crypttech: Siber KÃ¼me Yaz KampÄ±'nda ArGe MÃ¼hendisimiz Burak TahtacÄ± ""Yapay Zeka ve UygulamalarÄ±"" eÄŸitiminde katÄ±lÄ±mcÄ±larla, android zarâ€¦","rt  siber kÃ¼me yaz kampÄ±'nda arge mÃ¼hendisimiz burak tahtacÄ± ""yapay zeka uygulamalarÄ±"" eÄŸitiminde katÄ±lÄ±mcÄ±larla, android zarâ€¦",negative,0,tr
"RT @SiberKulupler: Siber KÃ¼me Yaz KampÄ±'nda Burak TahtacÄ±, ""Yapay Zeka ve UygulamalarÄ±"" eÄŸitimiyle bizlerle olacaktÄ±r.
Detaylar: https://t.â€¦","rt  siber kÃ¼me yaz kampÄ±'nda burak tahtacÄ±, ""yapay zeka uygulamalarÄ±"" eÄŸitimiyle bizlerle olacaktÄ±r.
detaylar: ",positive,1,tr
DJI Mavic Pro ile Kamiloba https://t.co/nXXeHSeE0t via @YouTube,dji mavic pro kamiloba  via ,positive,4,la
Fazla ince espri... https://t.co/B9r7ult8rm,fazla ince espri... ,negative,0,ro
"""Elimde veri var hangi algoritmayla ne yapabilirim ?"" sorusunu Ã§ok gÃ¼zel Ã¶zetleyen bir tablo. https://t.co/h484e2nCbT","""elimde veri algoritmayla yapabilirim ?"" sorusunu gÃ¼zel Ã¶zetleyen tablo. ",positive,0,tr
Ä°nternetin yarÄ±sÄ± ÅŸuanda gÃ¶Ã§mÃ¼ÅŸ durumda. #Cloudflare arkasÄ±nda sunucunuz varsa siz de gÃ¶Ã§mÃ¼ÅŸ durumdasÄ±nÄ±z.,iÌ‡nternetin yarÄ±sÄ± ÅŸuanda gÃ¶Ã§mÃ¼ÅŸ durumda.  arkasÄ±nda sunucunuz varsa gÃ¶Ã§mÃ¼ÅŸ durumdasÄ±nÄ±z.,negative,4,tr
@mertyuksekgonul @mertunsal2020 Ä°stanbul'da kiÅŸi baÅŸÄ±na dÃ¼ÅŸen veri sayÄ±sÄ±=2(iki),  iÌ‡stanbul'da kiÅŸi baÅŸÄ±na dÃ¼ÅŸen veri sayÄ±sÄ±=(iki),negative,0,tr
Gecenin ÅŸarkÄ±sÄ±...  https://t.co/yBwaKJ3c6r,gecenin ÅŸarkÄ±sÄ±...  ,positive,3,tr
"Tehlikeli bir oltalama tuzaÄŸÄ±. Adres Ã§ubuÄŸu Chrome tabanlÄ± tarayÄ±cÄ±larda belli bir scrolldan sonra kayboluyor, bunuâ€¦ https://t.co/2HyJwBOGDr","tehlikeli oltalama tuzaÄŸÄ±. adres Ã§ubuÄŸu chrome tabanlÄ± tarayÄ±cÄ±larda belli scrolldan kayboluyor, bunuâ€¦ ",negative,3,tr
RT @MIT_CSAIL: 3 years ago MIT grad student Katie Bouman led the creation of a new algorithm to produce the first-ever image of a black holâ€¦,rt   years ago mit grad student katie bouman led the creation of new algorithm to produce the first-ever image of black holâ€¦,positive,3,km
Sana bugÃ¼n bir GAN'dan baktÄ±m aziz Ä°stanbul #styletransfer #gan #neuralnetwork https://t.co/kcs4aGIUKv,bugÃ¼n gan'dan baktÄ±m aziz iÌ‡stanbul    ,negative,4,tr
Kimsenin (okuldaki hocalarÄ±n bile) inanmadÄ±ÄŸÄ± fen lisesi robot takÄ±mÄ±na sponsor olup bizi ABD'de destekleyen SayÄ±nâ€¦ https://t.co/pIafJpq6VX,kimsenin (okuldaki hocalarÄ±n bile) inanmadÄ±ÄŸÄ± fen lisesi robot takÄ±mÄ±na sponsor abd'de destekleyen sayÄ±nâ€¦ ,negative,0,tr
"@rdincel1 Ã‡ok teÅŸekkÃ¼rler geri bildirimin iÃ§in, hemen mÃ¼dehale ediyorum."," teÅŸekkÃ¼rler geri bildirimin iÃ§in, hemen mÃ¼dehale ediyorum.",positive,2,tr
"@GurayYildirimTR MIT ile lisansladÄ±m hocam, teÅŸekkÃ¼rler :)"," mit lisansladÄ±m hocam, teÅŸekkÃ¼rler :)",positive,2,tr
AynÄ± zamanda linux terminali Ã¼zerinden hÄ±zlÄ±ca dosyanÄ±n iÃ§eriÄŸini gÃ¶nderip linkini alabilirsiniz. https://t.co/AerLsZGNP4,aynÄ± zamanda linux terminali Ã¼zerinden hÄ±zlÄ±ca dosyanÄ±n iÃ§eriÄŸini gÃ¶nderip linkini alabilirsiniz. ,positive,2,tr
Basit bir web arayÃ¼zÃ¼ Ã¼zerinden ÅŸifrelenmiÅŸ ve belirli zaman aralÄ±klarÄ±nda aktif olan metinleri paylaÅŸabilirsiniz. https://t.co/7GN1RtGCFm,basit web arayÃ¼zÃ¼ Ã¼zerinden ÅŸifrelenmiÅŸ belirli zaman aralÄ±klarÄ±nda aktif metinleri paylaÅŸabilirsiniz. ,positive,0,tr
Pastebin gibi yazÄ± paylaÅŸma servislerinin muadilini kendi sunucularÄ±nda kullanmak isteyenler iÃ§in bir proje geliÅŸtiâ€¦ https://t.co/i2jnFRSRYM,pastebin yazÄ± paylaÅŸma servislerinin muadilini sunucularÄ±nda kullanmak isteyenler proje geliÅŸtiâ€¦ ,negative,3,tr
Reklamin basinda import edilen go kutuphanesinin de kaynak kodlari su sekilde. https://t.co/WgjIkYr7ih,reklamin basinda import edilen go kutuphanesinin kaynak kodlari su sekilde. ,negative,4,tr
Peak Games televizyon reklamciliginin en kaliteli reklamini yapmis bulundu. Helal.,peak games televizyon reklamciliginin kaliteli reklamini yapmis bulundu. helal.,positive,3,tr
https://t.co/CERuA8L1je @CyberCamp2019 CTF'deki Web sorularÄ± hakkÄ±nda gÃ¶rÃ¼ÅŸlerimi ve bulduÄŸum Ã§Ã¶zÃ¼mleri yazdÄ±m . #Writeup #CTF #CyberCamp19,  ctf'deki web sorularÄ± hakkÄ±nda gÃ¶rÃ¼ÅŸlerimi bulduÄŸum Ã§Ã¶zÃ¼mleri yazdÄ±m .   ,positive,2,tr
"RT @fermatslibrary: Today's paper answers a simple question: Why some things are darker when wet?
You just need some basic knowledge aboutâ€¦","rt  today's paper answers simple question: why some things are darker when wet?
you just need some basic knowledge aboutâ€¦",positive,4,en
#STMCTF yarÄ±ÅŸmasÄ±ndaki PINkodu sorusunun Ã§Ã¶zÃ¼mÃ¼ hakkÄ±ndaki gÃ¶rÃ¼ÅŸlerimi paylaÅŸtÄ±m. @stmctf #CaptureTheFlag https://t.co/yWx2Wm3zpJ, yarÄ±ÅŸmasÄ±ndaki pinkodu sorusunun Ã§Ã¶zÃ¼mÃ¼ hakkÄ±ndaki gÃ¶rÃ¼ÅŸlerimi paylaÅŸtÄ±m.   ,negative,2,tr
RT @BitIntegrity: WHO DID THIS https://t.co/YnnDryRnL4,rt  who did this ,positive,1,en
Simple i18n utility for @reactjs and other JS frameworks. Make translations simple again.#reactjs #i18n https://t.co/HnHmLU4Mwg,simple in utility for  and other js frameworks. make translations simple again.  ,positive,2,en
RT @conormyhrvold: Marmaray: An #OpenSource Generic Data Ingestion &amp; Dispersal Framework and Library for Apache @Hadoop https://t.co/tXRGbjâ€¦,rt  marmaray: an  generic data ingestion &amp; dispersal framework and library for apache  ,positive,2,hy
"@afshinea @ergenekonyigit Very useful resources, keep going onğŸ‘","  very useful resources, keep going on",positive,2,en
RT @KoymenKadir: Kaloriferden yÃ¼kselen hava perdeyi sallÄ±yor.,rt  kaloriferden yÃ¼kselen hava perdeyi sallÄ±yor.,negative,0,tr
"RT @iamdevloper: programmers: Facebook is so shady, I don't trust them one iota. You should all delete your accounts.

also programmers: Yeâ€¦","rt  programmers: facebook is so shady, don't trust them one iota. you should all delete your accounts.

also programmers: yeâ€¦",positive,4,en
"@fkadev AnlamasÄ± zor kiÅŸi olduÄŸu iÃ§in deÄŸil de bir Ã¶nceki nesilden biri olduÄŸu iÃ§in vurgulanmÄ±ÅŸ bence ""anne"" kelimesi."," anlamasÄ± zor kiÅŸi Ã¶nceki nesilden vurgulanmÄ±ÅŸ bence ""anne"" kelimesi.",negative,0,tr
"@yazilimci_adam Parantezlerin, noktalÄ± virgÃ¼llerin, slash karakterinin yeri Ã§ok daha anlamlÄ±. O yÃ¼zden  Ã¶zellikle kâ€¦ https://t.co/IKpSFKrHBC"," parantezlerin, noktalÄ± virgÃ¼llerin, slash karakterinin yeri anlamlÄ±. yÃ¼zden  Ã¶zellikle kâ€¦ ",negative,0,tr
"@yazilimci_adam AlÄ±ÅŸtÄ±ktan sonra aynÄ± duygularÄ±, hatta belki de daha fazlasÄ±nÄ± TÃ¼rkÃ§e klavye iÃ§in hissedeceksin"," alÄ±ÅŸtÄ±ktan aynÄ± duygularÄ±, fazlasÄ±nÄ± tÃ¼rkÃ§e klavye hissedeceksin",positive,3,tr
@fatihacet Bu kaza sanÄ±rÄ±m commit rekoru kÄ±rmana vesile oldu :), kaza sanÄ±rÄ±m commit rekoru kÄ±rmana vesile :),positive,0,tr
"RT @ProfFeynman: The FEYNMAN Problem-Solving Algorithm:
i) write down the problem;
ii) think very hard;
iii) write down the answer.","rt  the feynman problem-solving algorithm:
i) write down the problem;
ii) think very hard;
iii) write down the answer.",positive,3,en
You will get the blue screen even if you are a info screen... #UseLinux https://t.co/zedtIMrGaq,you will get the blue screen even if you are info screen...  ,positive,4,en
RT @b0rk: an amazing directory: /proc https://t.co/717UPpvami,rt  an amazing directory: /proc ,positive,1,my
Kod yazmak konusunda ciddi dÃ¼ÅŸÃ¼nÃ¼yorsanÄ±z ingilizce bir klavye almanÄ±zÄ± ÅŸiddetle tavsiye ederim.,kod yazmak konusunda ciddi dÃ¼ÅŸÃ¼nÃ¼yorsanÄ±z ingilizce klavye almanÄ±zÄ± ÅŸiddetle tavsiye ederim.,negative,4,tr
'Javascript'le backend mi yazÄ±lÄ±r yea' diyen arkadaÅŸlara sevgilerimle... https://t.co/1F9cZtlbpX,'javascript'le backend yazÄ±lÄ±r yea' diyen arkadaÅŸlara sevgilerimle... ,negative,3,tr
RT @eastdakota: Why weâ€™re switching to ARM-based servers in one image. Both servers running the same workload at the same performance. httpâ€¦,rt  why weâ€™re switching to arm-based servers in one image. both servers running the same workload at the same performance. ,positive,3,en
"RT @jessitron: Q: what cannot be done by a computer?
A: that which cannot be defined by a human.","rt  q: what cannot be done by computer?
a: that which cannot be defined by human.",positive,2,en
"Bir yanda tosuncuÄŸa giden 511M $, Ã¶te yanda GBA'nÄ±n 96x Ã§arpanla Insider'dan exit etmesi.

https://t.co/Trv2Re7nKF","yanda tosuncuÄŸa giden m $, yanda gba'nÄ±n x Ã§arpanla insider'dan exit etmesi.

",positive,2,tr
RT @nixcraft: Somebody sent me this one https://t.co/UIP6OkkyIc,rt  somebody sent me this one ,positive,1,en
@SelmanKahyaX yapalim abi buralardayiz, yapalim abi buralardayiz,positive,1,tr
"RT @FeyizliLinkler: Responsive css yazan herkesin okumasÄ± lazÄ±m!
Telif hakkÄ±na girmeyin sonra ğŸ˜
https://t.co/99PiXOChmD https://t.co/JjYL4Yâ€¦","rt  responsive css yazan okumasÄ± lazÄ±m!
telif hakkÄ±na girmeyin 
 ",negative,1,tr
"RT @GoyGoyTR: DB:Cassandra ,Cache:Redis,API:Node.js,Backend:RubyonRails,Front:Angular.js,StatCounter:Hadoop,PageCache:Varnish,Proje=&gt;Torbalâ€¦","rt  db:cassandra ,cache:redis,api:node.js,backend:rubyonrails,front:angular.js,statcounter:hadoop,pagecache:varnish,proje=&gt;torbalâ€¦",positive,3,be
Bedavadan 75 TL. Ã‡ok ÅŸanslÄ±yÄ±m. Hemen bu linke tiklamaliyim. #phishing #oltalama #siber #tehdit https://t.co/ylYV8DUczX,bedavadan  tl. ÅŸanslÄ±yÄ±m. hemen linke tiklamaliyim.     ,positive,1,tr
RT @Mudemrtas: Revenge Of Robots @ProfDemirtas https://t.co/sdgYnOf0af,rt  revenge of robots  ,positive,3,zh
"RT @KrauseFx: GitHub now warns you if one of your dependencies has a known security vulnerability, this is great ğŸš¨ https://t.co/rniOf3fkLv","rt  github now warns you if one of your dependencies has known security vulnerability, this is great  ",positive,1,en
RT @Onurkertal: Ä°lk dolandÄ±rÄ±lma hikayem 7 yaÅŸÄ±nda 9999999 in 1 atari oyununu almamla baÅŸladÄ±,rt  iÌ‡lk dolandÄ±rÄ±lma hikayem  yaÅŸÄ±nda  in  atari oyununu almamla baÅŸladÄ±,negative,2,tr
"RT @lemiorhan: Let's clarify:
* Jira is not Agile
* Open Source is not Free
* Using cloud is not DevOps
* Rituals is not Scrum
* Developedâ€¦","rt  let's clarify:
* jira is not agile
* open source is not free
* using cloud is not devops
* rituals is not scrum
* developedâ€¦",positive,1,en
AÅŸaÄŸÄ± scroll edince aniden yaÅŸlanmÄ±ÅŸlÄ±k hissi geliyor saÄŸdan saÄŸdan https://t.co/YztBOJdM9H,aÅŸaÄŸÄ± scroll edince aniden yaÅŸlanmÄ±ÅŸlÄ±k hissi geliyor saÄŸdan saÄŸdan ,negative,0,tr
"O hub baÅŸka hub, bildiÄŸiniz gibi deÄŸil.","hub baÅŸka hub, bildiÄŸiniz deÄŸil.",negative,0,tr
RT @herkesicinrobot: @inno_campus ekibi ve BuÄŸra YÄ±lmaz'a hediyeleri iÃ§in Ã§ok teÅŸekkÃ¼r ederiz. https://t.co/AnPiyK6rxi,rt   ekibi buÄŸra yÄ±lmaz'a hediyeleri teÅŸekkÃ¼r ederiz. ,negative,2,tr
RT @herkesicinrobot: #InnoCampus konteynerÄ±nde 3D baskÄ± anahtarlÄ±klarÄ±mÄ±zÄ± bastÄ±k. MÃ¼thiÅŸ bir deneyim... https://t.co/Skfx0qGLY8,rt   konteynerÄ±nde d baskÄ± anahtarlÄ±klarÄ±mÄ±zÄ± bastÄ±k. mÃ¼thiÅŸ deneyim... ,positive,1,tr
SanÄ±rÄ±m yol yapmak yerine bayramlarÄ±n sayÄ±sÄ±nÄ± artÄ±rÄ±rsak ÅŸehrin trafik sorununu Ã§Ã¶zebiliriz  #RamazanBayramÄ±MesajÄ±m,sanÄ±rÄ±m yol bayramlarÄ±n sayÄ±sÄ±nÄ± artÄ±rÄ±rsak ÅŸehrin trafik sorununu Ã§Ã¶zebiliriz  ,negative,3,tr
RT @fikrimobil: #fikrimobilyarifinal kÃ¼Ã§Ã¼k Ã§ocuklarÄ±n Ã¶grenirken hareket etmelerini de saÄŸlayan MoveUp @kworkscenter #fikrimobil https://t.â€¦,rt   kÃ¼Ã§Ã¼k Ã§ocuklarÄ±n Ã¶grenirken hareket etmelerini saÄŸlayan moveup   ,positive,0,tr
RT @fikrimobil: #Fikrimobil yarÄ± final egitimleri #minimumviableproduct ile devam ediyor #marshmallowchallenge @KocIncubation https://t.co/â€¦,rt   yarÄ± final egitimleri  devam   ,positive,4,tr
RT @YAFL_FRC5773: We visited the Consulate General of Turkey in Chicago. https://t.co/O93SakQdgp,rt  we visited the consulate general of turkey in chicago. ,positive,2,hi
RT @YAFL_FRC5773: We visited Francis W. Parker Schools and met Robotics Colonels Team3135. Thanks for hospitality and kind approaches. httpâ€¦,rt  we visited francis w. parker schools and met robotics colonels team. thanks for hospitality and kind approaches. ,positive,0,en
RT @YAFL_FRC5773: FRC 2016-YAFL Mechatronics Chairman's Video https://t.co/3uKkgC8ptP,rt  frc -yafl mechatronics chairman's video ,positive,4,hi
Damacana gÃ¼zel ÅŸey https://t.co/aGy05M3aEk,damacana gÃ¼zel ,negative,4,tr
Bedenler Ã¶lÃ¼r. Fikirler asla... https://t.co/00BDvtvtg1,bedenler Ã¶lÃ¼r. fikirler asla... ,positive,2,tr
Zorla okutulmaya Ã§alÄ±ÅŸÄ±lan kitaplardan oldum olasÄ± nefret etmiÅŸimdir. Hem kitaplardan hem de okutmaya Ã§alÄ±ÅŸanlardan,zorla okutulmaya Ã§alÄ±ÅŸÄ±lan kitaplardan oldum olasÄ± nefret etmiÅŸimdir. kitaplardan okutmaya Ã§alÄ±ÅŸanlardan,negative,3,tr
Model United Nations a geldik... (@ Beykent Ãœniversitesi w/ 75 others) http://t.co/D5TCGHQlPk,model united nations geldik... (@ beykent Ã¼niversitesi w/  others) ,positive,0,tr
RT @Ekrem_Imamoglu: YaÅŸar Acar Fen Lisesi Ã¶ÄŸrencisi arkadaÅŸlarÄ±ma ziyaretleri iÃ§in teÅŸekkÃ¼r ederim. http://t.co/6W5LF1Ngp5,rt  yaÅŸar acar fen lisesi Ã¶ÄŸrencisi arkadaÅŸlarÄ±ma ziyaretleri teÅŸekkÃ¼r ederim. ,negative,3,tr
Ä°TÃœRO 2014'Ã¼n ilk gÃ¼nÃ¼ oldukÃ§a eÄŸlenceliydi. GÃ¼zel bir yarÄ±ÅŸma yarÄ±ndan itibaren bizi bekliyor. #ituro2014,iÌ‡tÃ¼ro 'Ã¼n ilk gÃ¼nÃ¼ oldukÃ§a eÄŸlenceliydi. gÃ¼zel yarÄ±ÅŸma yarÄ±ndan bekliyor. ,positive,4,tr
"RT @ErhanErkut: Adam ""Batinin ozlemini duydugu demokrasi bizde var"" dedi mi hakikaten, ben mi oyle duydum?","rt  adam ""batinin ozlemini duydugu demokrasi bizde var"" dedi hakikaten, oyle duydum?",negative,0,tr
Biz yine Ã¼lke olarak bir ÅŸeyi beceremiyoruz,Ã¼lke beceremiyoruz,negative,2,tr
Koka Kola ??? http://t.co/yzaD0YQt0q,koka kola ??? ,negative,4,be
RT @Ekrem_Imamoglu: BeylikdÃ¼zÃ¼'nÃ¼n vitrininde Belediye BaÅŸkanÄ± olmayacak.Bilim alanÄ±nda bu Ã¶dÃ¼lleri alan BeylikdÃ¼zÃ¼'nÃ¼n GENÃ‡LERÄ° olacak. htâ€¦,rt  beylikdÃ¼zÃ¼'nÃ¼n vitrininde belediye baÅŸkanÄ± olmayacak.bilim alanÄ±nda Ã¶dÃ¼lleri alan beylikdÃ¼zÃ¼'nÃ¼n genÃ§leriÌ‡ olacak. htâ€¦,positive,2,tr
BugÃ¼ne kadar dolmuÅŸlarda rastladÄ±ÄŸÄ±m en tuhaf olaylardan biri http://t.co/wqwE6Ll5lM,bugÃ¼ne dolmuÅŸlarda rastladÄ±ÄŸÄ±m tuhaf olaylardan ,negative,4,tr
"RT @yafes2011: Yasar Fen Lisesi ogrencileri, UluslararasÄ± Robot Yarismasina  hazÄ±r. http://t.co/g3bIFI2UO5","rt  yasar fen lisesi ogrencileri, uluslararasÄ± robot yarismasina  hazÄ±r. ",positive,0,tr
BugÃ¼n ilkokula giden kuzenime Tetris ve Mario'yu anlattÄ±m.Bizim zamanÄ±mÄ±zda bu oyunlar vardÄ± diye nutuk Ã§ektim bir de.YaÅŸlanÄ±yor muyuz lan,bugÃ¼n ilkokula giden kuzenime tetris mario'yu anlattÄ±m.bizim zamanÄ±mÄ±zda oyunlar nutuk Ã§ektim de.yaÅŸlanÄ±yor muyuz lan,negative,2,tr
Anybody Can Learn- http://t.co/qi1sfaqW0l: http://t.co/DTdsKaWATd,anybody can learn-  ,positive,3,en
EylÃ¼l AkÅŸamÄ± (ZAGABAND): http://t.co/okpfNpLok8 @youtube aracÄ±lÄ±ÄŸÄ±yla,eylÃ¼l akÅŸamÄ± (zagaband):   aracÄ±lÄ±ÄŸÄ±yla,negative,4,tr
Oytun'la beraber yaptÄ±ÄŸÄ±mÄ±z NXT tabanlÄ± uzaktan kumandalÄ± araÃ§ http://t.co/Py7z9FgGT4,oytun'la beraber yaptÄ±ÄŸÄ±mÄ±z nxt tabanlÄ± uzaktan kumandalÄ± araÃ§ ,positive,3,tr
efeÅŸittirema,efeÅŸittirema,positive,3,tr
RT @9GAG: When someone says â€œten years agoâ€ I think about the 90â€™s not 2003.,rt  when someone says â€œten years agoâ€ think about the â€™s not .,positive,1,en
"@Kerestemuduru Otur ders Ã§alÄ±ÅŸ, ineklemek iÃ§in silmedin mi la sen Whatsapp'i :D"," otur ders Ã§alÄ±ÅŸ, ineklemek silmedin la whatsapp'i :d",positive,4,tr
@Kerestemuduru Tabiyki adagah, tabiyki adagah,positive,3,az
Ã‡ARE RHÄ°ZOBÄ°UM BAKTERÄ°LERÄ°,Ã§are rhiÌ‡zobiÌ‡um bakteriÌ‡leriÌ‡,negative,1,tr
@Kerestemuduru @insansahafi Giden gitmiÅŸtir gittiÄŸi gÃ¼n bitmiÅŸtir mine hanÄ±m...,  giden gitmiÅŸtir gittiÄŸi gÃ¼n bitmiÅŸtir mine hanÄ±m...,positive,3,tr
Evcil hayvanÄ±m @insansahafi,evcil hayvanÄ±m ,positive,2,tr
"Metronom dÃ¼ÅŸÃ¼k, sÃ¶zler acÄ±lÄ±","metronom dÃ¼ÅŸÃ¼k, sÃ¶zler acÄ±lÄ±",negative,0,tr
@MirrorMirrorr tamam., tamam.,positive,1,tr
@MirrorMirrorr keÅŸke tam tersi olsaydÄ±, keÅŸke tersi olsaydÄ±,negative,2,tr
"#MekanÄ±nCennetOlsunNejatUygur TÃ¼rk tiyatrosunun ""gÃ¼ldÃ¼ren amca""sÄ±ydÄ±. MekanÄ± cennet olsun"," tÃ¼rk tiyatrosunun ""gÃ¼ldÃ¼ren amca""sÄ±ydÄ±. mekanÄ± cennet",positive,4,tr
TÃ¼m manyaklarÄ± Ã§ekmek gibi Ã¶zel bir yeteneÄŸim varmÄ±ÅŸ. Yeni keÅŸfettim,manyaklarÄ± Ã§ekmek Ã¶zel yeteneÄŸim varmÄ±ÅŸ. yeni keÅŸfettim,positive,3,tr
@insansahafi @vay_efendim yargÄ±layanlarÄ± yargÄ±layanÄ± yargÄ±ladÄ±n ?,  yargÄ±layanlarÄ± yargÄ±layanÄ± yargÄ±ladÄ±n ?,positive,4,tr
Birileri huzur denen ÅŸeyi Åebnem Ferah'Ä±n ses tellerine gizlemiÅŸ olmalÄ±,birileri huzur denen ÅŸebnem ferah'Ä±n ses tellerine gizlemiÅŸ olmalÄ±,negative,4,tr
BugÃ¼n Fahri hocanÄ±n dersin ortasÄ±nda Fade To Black'i sÃ¶ylemesi ÅŸÃ¼phesiz ki gÃ¼nÃ¼n en gÃ¼zel geliÅŸmesiydi,bugÃ¼n fahri hocanÄ±n dersin ortasÄ±nda fade to black'i sÃ¶ylemesi ÅŸÃ¼phesiz gÃ¼nÃ¼n gÃ¼zel geliÅŸmesiydi,positive,4,tr
Cumhuriyetimizin 90. yaÅŸÄ± kutlu olsun... #29EkimCumhuriyetBayramÄ±KutluOlsun,cumhuriyetimizin . yaÅŸÄ± kutlu olsun... ,positive,2,tr
@insansahafi DoymadÄ±m amk :D, doymadÄ±m amk :d,positive,0,tr
"I'm at Gloria Jean's Coffees (Ä°stanbul, TÃ¼rkiye) http://t.co/HZIZFvSyhr","i'm at gloria jean's coffees (iÌ‡stanbul, tÃ¼rkiye) ",positive,2,tr
Kendimi eÄŸitim sistemini habire deÄŸiÅŸtiren adamlar gibi hissediyorum,kendimi eÄŸitim sistemini habire deÄŸiÅŸtiren adamlar hissediyorum,positive,0,tr
Kahrolsun iÅŸlem hatalarÄ±,kahrolsun iÅŸlem hatalarÄ±,negative,4,tr
SÃ¶zlerimi Geri Alamam (Bulutsuzluk Ã–zlemi): http://t.co/8bgx93O12v @youtube aracÄ±lÄ±ÄŸÄ±yla,sÃ¶zlerimi geri alamam (bulutsuzluk Ã¶zlemi):   aracÄ±lÄ±ÄŸÄ±yla,positive,4,tr
Aleyna da olmasa neyle eÄŸlenicez anasÄ±nÄ± satÄ±yÄ±m,aleyna olmasa neyle eÄŸlenicez anasÄ±nÄ± satÄ±yÄ±m,negative,3,tr
@vay_efendim gÃ¼lnur her zamanki gibi zeka fÄ±ÅŸkÄ±rÄ±yorsun. ArkadaÅŸÄ±n doÄŸum gÃ¼nÃ¼nde Ã§ekildiÄŸimiz bir fotoÄŸraftÄ± o yÃ¼zden ÅŸeettim, gÃ¼lnur zamanki zeka fÄ±ÅŸkÄ±rÄ±yorsun. arkadaÅŸÄ±n doÄŸum gÃ¼nÃ¼nde Ã§ekildiÄŸimiz fotoÄŸraftÄ± yÃ¼zden ÅŸeettim,positive,1,tr
@vay_efendim Maytaplar yanmadÄ±ydÄ± o yÃ¼zdendir belki, maytaplar yanmadÄ±ydÄ± yÃ¼zdendir,negative,2,tr
Why so serious ? http://t.co/v0jtji6dgV,why so serious ? ,positive,4,km
"Bir gÃ¼n ""Untitled"" adÄ± altÄ±nda aÃ§tÄ±ÄŸÄ±m klasÃ¶rlerin arasÄ±nda boÄŸulup Ã¶leceÄŸim","gÃ¼n ""untitled"" adÄ± altÄ±nda aÃ§tÄ±ÄŸÄ±m klasÃ¶rlerin arasÄ±nda boÄŸulup Ã¶leceÄŸim",negative,2,tr
@OnrKrbyk ToplayÄ±cÄ± :), toplayÄ±cÄ± :),positive,4,tr
Age of Empires 3'teki OsmanlÄ± askerleri gibi konuÅŸan insanlardan nefret ediyorum,age of empires 'teki osmanlÄ± askerleri konuÅŸan insanlardan nefret ediyorum,negative,1,tr
Bayram sevincini bir gÃ¼n deÄŸil her gÃ¼n yaÅŸamanÄ±z dileÄŸiyle. Iyi bayramlar,bayram sevincini gÃ¼n gÃ¼n yaÅŸamanÄ±z dileÄŸiyle. iyi bayramlar,positive,3,tr
RT @onurkok: PuanÄ± tÄ±p a yetip mÃ¼hendislik okuyanlara !... http://t.co/Q5u4OhSsgy,rt  puanÄ± tÄ±p yetip mÃ¼hendislik okuyanlara !... ,negative,3,tr
@SerkanBilsel Bir an Ã¶nce yap Ã¶zlettin kendini Ã¼stad \m/, an yap Ã¶zlettin Ã¼stad \m/,positive,2,tr
@insansahafi Aleyna'nÄ±n florasÄ±: Tuvalet deliÄŸi, aleyna'nÄ±n florasÄ±: tuvalet deliÄŸi,negative,0,tr
Din karmaÅŸasÄ± yaÅŸayan bir tabela. Pentagram ve hilal... IlginÃ§ http://t.co/BgJZO371qw,din karmaÅŸasÄ± yaÅŸayan tabela. pentagram hilal... ilginÃ§ ,negative,2,tr
@insansahafi Tebrikler karÅŸim :))))), tebrikler karÅŸim :))))),positive,4,tr
@Hippogriffs @OnrKrbyk Bilmiyoruz,  bilmiyoruz,negative,2,tr
Bu havalarda elbette ki en iyi giden ikili Ahmet Kaya ÅŸarkÄ±larÄ± ve Ã§ay,havalarda iyi giden ikili ahmet kaya ÅŸarkÄ±larÄ± Ã§ay,positive,2,tr
@idealistgenc @OnurSnmez2 @sevgiyesiltepe OLUM OKULUN Ã–NÃœ BÄ°ZÄ°M OTOSTOP MEKANIMIZ. ADAM OLUN...,   olum okulun Ã¶nÃ¼ biÌ‡ziÌ‡m otostop mekanimiz. adam olun...,positive,3,tr
#MekaninCennetOlsunTuncelKurtiz,,positive,0,unk
"3 bilgisayar dili, 2 yabancÄ± dil ve TÃ¼rkÃ§e biliyorum ve bunlar bile Ã‡obankent'le anlaÅŸabilmem iÃ§in yeterli deÄŸil","bilgisayar dili,  yabancÄ± dil tÃ¼rkÃ§e biliyorum Ã§obankent'le anlaÅŸabilmem yeterli",positive,1,tr
QBASIC'i inceledikÃ§e sanki tarihi araÅŸtÄ±rma yapÄ±yormuÅŸ gibi hissediyorum. Buram buram tarih kokuyor.,qbasic'i inceledikÃ§e tarihi araÅŸtÄ±rma yapÄ±yormuÅŸ hissediyorum. buram buram tarih kokuyor.,positive,3,tr
RT @muharremtac: TÃ¼rkiye'de hiÃ§ bir baÅŸarÄ± cezasÄ±z kalmaz.,rt  tÃ¼rkiye'de baÅŸarÄ± cezasÄ±z kalmaz.,positive,3,tr
Ãœniversiteye hazÄ±rlÄ±k kurslarÄ± ders 1: Batak nedir ? NasÄ±l oynanÄ±r ?,Ã¼niversiteye hazÄ±rlÄ±k kurslarÄ± ders : batak nedir ? oynanÄ±r ?,negative,2,tr
"RT @9GAG: My timeline right now:
iOS 7
GTA 5
iOS 7
iOS 7
GTA 5
iOS 7
iOS 7
and some hoe talkin bout she lonely","rt  my timeline right now:
ios 
gta 
ios 
ios 
gta 
ios 
ios 
and some hoe talkin bout she lonely",positive,1,ka
"@MirrorMirrorr Sevip sevmemek ayrÄ± mesele, gereksiz bir konu. Banane abi z nin modÃ¼lÃ¼nden, imajiner kÄ±smÄ±ndan"," sevip sevmemek ayrÄ± mesele, gereksiz konu. banane abi z modÃ¼lÃ¼nden, imajiner kÄ±smÄ±ndan",negative,4,tr
Ä°laÃ§ firmalarÄ±nÄ±n verdiÄŸi kalemler de olmasa Ã¼lkece tÃ¼kenmez kalem kÄ±tlÄ±ÄŸÄ± Ã§ekicez anasÄ±nÄ± satÄ±yÄ±m.,iÌ‡laÃ§ firmalarÄ±nÄ±n verdiÄŸi kalemler olmasa Ã¼lkece tÃ¼kenmez kalem kÄ±tlÄ±ÄŸÄ± Ã§ekicez anasÄ±nÄ± satÄ±yÄ±m.,negative,4,tr
SÄ°VÄ°T Ã‡AYLD O MAYN.,siÌ‡viÌ‡t Ã§ayld mayn.,negative,1,tr
Bilene basÄ±yoruz...,bilene basÄ±yoruz...,positive,4,tr
@insansahafi full indir hd indir Ã¼cretsiz indir, full indir hd indir Ã¼cretsiz indir,positive,3,tr
"http://t.co/D1vevlctPw Yeni sezon dosyalarÄ± aÃ§Ä±klanmÄ±ÅŸ, umarÄ±m gÃ¼zel bir sezon olur, tÃ¼m takÄ±mlara baÅŸarÄ±lar..."," yeni sezon dosyalarÄ± aÃ§Ä±klanmÄ±ÅŸ, umarÄ±m gÃ¼zel sezon olur, takÄ±mlara baÅŸarÄ±lar...",positive,1,tr
Davul Ã§almayÄ± Ã¶zledim.,davul Ã§almayÄ± Ã¶zledim.,negative,4,tr
Kendimi aÄŸÄ±rlÄ±ÄŸÄ± ve sÃ¼rtÃ¼nmesi Ã¶nemsiz piston gibi hissediyorum,kendimi aÄŸÄ±rlÄ±ÄŸÄ± sÃ¼rtÃ¼nmesi Ã¶nemsiz piston hissediyorum,negative,4,tr
"Olimpiyatlar Ä°stanbul'da olsaydÄ± iyi olurdu, gÃ¼zel olurdu, hoÅŸ olurdu ama karÅŸÄ±daki rakip Tokyo, mantÄ±klÄ± olan da oydu bence","olimpiyatlar iÌ‡stanbul'da olsaydÄ± iyi olurdu, gÃ¼zel olurdu, hoÅŸ olurdu karÅŸÄ±daki rakip tokyo, mantÄ±klÄ± oydu bence",negative,4,tr
@zeynepseymaK Biraz mantÄ±k lÃ¼tfen.Sevilmiyoruz diye kompleks yapacaÄŸÄ±mÄ±za metro altyapÄ±larÄ±na bir bakalÄ±m istersen... http://t.co/HgDAzMF8wi, mantÄ±k lÃ¼tfen.sevilmiyoruz kompleks yapacaÄŸÄ±mÄ±za metro altyapÄ±larÄ±na bakalÄ±m istersen... ,negative,4,tr
@insansahafi g.a.y(16) arkadaÅŸÄ± b.t(16) nin sÃ¶zÃ¼nÃ¼ Ã§alarak twit attÄ± o artÄ±k bir bad gÃ¶rl., g.a.y() arkadaÅŸÄ± b.t() sÃ¶zÃ¼nÃ¼ Ã§alarak twit attÄ± bad gÃ¶rl.,negative,3,tr
Siz yine hala ananÄ±zÄ±n margarinini mi kullanÄ±yorsunuz ?,ananÄ±zÄ±n margarinini kullanÄ±yorsunuz ?,negative,4,tr
Åeytan bunun neresinde ?,ÅŸeytan neresinde ?,negative,4,tr
GenÃ§ler aÅŸk acÄ±sÄ±nÄ± siktir edin. Dolar 2 lirayÄ± geÃ§ti siz hala aÅŸk acÄ±sÄ± diyorsunuz.,genÃ§ler aÅŸk acÄ±sÄ±nÄ± siktir edin. dolar  lirayÄ± geÃ§ti aÅŸk acÄ±sÄ± diyorsunuz.,negative,4,tr
RT @MirrorMirrorr: BURAK=SÄ°LÄ°VRÄ°LÄ° GÄ°BÄ° SÄ°LÄ°VRÄ°LÄ°,rt  burak=siÌ‡liÌ‡vriÌ‡liÌ‡ giÌ‡biÌ‡ siÌ‡liÌ‡vriÌ‡liÌ‡,positive,0,tr
AnlÄ±yorum ama konuÅŸamÄ±yorum,anlÄ±yorum konuÅŸamÄ±yorum,negative,1,tr
RT @cbabdullahgul: insan gerÃ§ekten hayret ediyor.,rt  insan gerÃ§ekten hayret ediyor.,positive,3,tr
#30AÄŸustosZaferBayramÄ±KUTLUOLSUN,,positive,0,unk
"GÃ¶zlÃ¼ÄŸÃ¼ taktÄ±ktan sonra ben: ""DÃ¼nya bu kadar net miydi ya ?""","gÃ¶zlÃ¼ÄŸÃ¼ taktÄ±ktan ben: ""dÃ¼nya net miydi ?""",positive,1,tr
Kahve falÄ± bakmayÄ± da Ã¶ÄŸrendik bugÃ¼n. FalcÄ±lÄ±ÄŸa da baÅŸlayacaÄŸÄ±m yakÄ±nda,kahve falÄ± bakmayÄ± Ã¶ÄŸrendik bugÃ¼n. falcÄ±lÄ±ÄŸa baÅŸlayacaÄŸÄ±m yakÄ±nda,positive,4,tr
@insansahafi @vay_efendim dersanem var siz yÃ¼rÃ¼yÃ¼n benim yerime de asdasdasd,  dersanem yÃ¼rÃ¼yÃ¼n yerime asdasdasd,negative,3,tr
@insansahafi @vay_efendim 6 buÃ§uk ideal bence :D,   buÃ§uk ideal bence :d,positive,4,en
@insansahafi @vay_efendim kÄ±smet nasip bakalÄ±m.........,  kÄ±smet nasip bakalÄ±m.........,positive,3,tr
@insansahafi @vay_efendim en son lastiÄŸin patladÄ±ÄŸÄ± gÃ¼n gidecektim. lastik patladÄ± ÅŸimdi de dersaneye baÅŸladÄ±m. bu hafta iÃ§inde gidicem inÅŸ,  son lastiÄŸin patladÄ±ÄŸÄ± gÃ¼n gidecektim. lastik patladÄ± dersaneye baÅŸladÄ±m. hafta gidicem inÅŸ,negative,3,tr
@insansahafi @vay_efendim var bi cenabetlik ama du bakalÄ±m bende mi doktorda mÄ± bilmiyorum,  bi cenabetlik du bakalÄ±m bende doktorda bilmiyorum,negative,3,tr
"""Burak uyan oÄŸlum Ã§ay demledim"" ÅŸu cÃ¼mledeki gÃ¼zelliÄŸe bakar mÄ±sÄ±nÄ±z. Hey maÅŸallah","""burak uyan oÄŸlum Ã§ay demledim"" cÃ¼mledeki gÃ¼zelliÄŸe bakar mÄ±sÄ±nÄ±z. hey maÅŸallah",positive,3,tr
@vay_efendim siktir git lan, siktir git lan,positive,4,tr
@OnurSnmez2 kesinlikle Ã¶yle yapacak :), kesinlikle :),positive,0,tr
@OnurSnmez2 ahaha doÄŸru tahmin :), ahaha doÄŸru tahmin :),positive,3,tr
@vay_efendim mÃ¼ziÄŸi bÄ±rak sen Ã§izime yÃ¶nel gÃ¼lnur valla bak, mÃ¼ziÄŸi bÄ±rak Ã§izime yÃ¶nel gÃ¼lnur valla bak,negative,3,tr
@vay_efendim sen mi yaptÄ±n bunlarÄ±, yaptÄ±n,positive,2,tr
This fuckin' machine in my head,this fuckin' machine in my head,positive,2,en
@insansahafi anforÃ§Ä±nÄ±tliy vi ar kÃ¶ylÃ¼ end vi nov it, anforÃ§Ä±nÄ±tliy vi ar kÃ¶ylÃ¼ end vi nov it,positive,1,tr
@insansahafi Yazar burda Silivri'nin amÄ±nakoyayÄ±m demeye Ã§alÄ±ÅŸÄ±yor., yazar burda silivri'nin amÄ±nakoyayÄ±m demeye Ã§alÄ±ÅŸÄ±yor.,negative,2,tr
@vay_efendim Dilarayla ilgilenin biraz Allah rÄ±zasÄ± iÃ§in :D, dilarayla ilgilenin allah rÄ±zasÄ± :d,positive,3,tr
"RT @gafebesi: ""Ä°Ã§inde bulunduÄŸum durumu kimseye anlatamam, sen de anlamazsÄ±n. Ben bile anlamÄ±yorum ki baÅŸkasÄ±na nasÄ±l anlatÄ±rÄ±m!"" 
Franz Kaâ€¦","rt  ""iÌ‡Ã§inde bulunduÄŸum durumu kimseye anlatamam, anlamazsÄ±n. anlamÄ±yorum baÅŸkasÄ±na anlatÄ±rÄ±m!"" franz kaâ€¦",positive,0,tr
BÃ¼yÃ¼k beddua ettim.,bÃ¼yÃ¼k beddua ettim.,negative,2,tr
Allah herkese Mustafa gibi bir arkadaÅŸ versin.,allah mustafa arkadaÅŸ versin.,negative,3,ms
Evde tek kaldÄ±ÄŸÄ±nda yapÄ±lacak en gÃ¼zel ÅŸey: Ã‡ay,evde tek kaldÄ±ÄŸÄ±nda yapÄ±lacak gÃ¼zel ÅŸey: Ã§ay,negative,0,tr
#HeartBreaker 'Ä± sizden Ã¶ÄŸrenecek deÄŸiliz !!! Led Zeppelin - Heartbreaker Studio Version : http://t.co/fMEVsr21Kn, 'Ä± Ã¶ÄŸrenecek deÄŸiliz !!! led zeppelin - heartbreaker studio version : ,positive,2,tr
Bateriye ilk baÅŸladÄ±ÄŸÄ±m dÃ¶nemler........... http://t.co/l0GLPwFvhI,bateriye ilk baÅŸladÄ±ÄŸÄ±m dÃ¶nemler........... ,positive,2,tr
@insansahafi sie., sie.,positive,3,pl
@insansahafi ne zaman dedim lan ben Ã¶yle hÄ±yar..., zaman dedim lan hÄ±yar...,negative,2,tr
SOLCIR OF FORÃ‡UN.,solcir of forÃ§un.,positive,2,jv
@gozlukludemeter teÅŸekkÃ¼rler, teÅŸekkÃ¼rler,positive,2,tr
@gozlukludemeter can sÄ±kÄ±ntÄ±sÄ±ndan radyo kurdum Demet beklerim :), can sÄ±kÄ±ntÄ±sÄ±ndan radyo kurdum demet beklerim :),positive,2,tr
"RT @okanbayulgen: Sabaha kadar aÃ§Ä±k kÃ¼tÃ¼phaneler olsaydÄ±.Ã–ÄŸrenciler iÃ§in bedava Ã§ay, kahve ve Ã§orba.Sigara yasak olabilirdi, aÅŸÄ±k olmak serâ€¦","rt  sabaha aÃ§Ä±k kÃ¼tÃ¼phaneler olsaydÄ±.Ã¶ÄŸrenciler bedava Ã§ay, kahve Ã§orba.sigara yasak olabilirdi, aÅŸÄ±k serâ€¦",negative,3,tr
@vay_efendim @tambirevkedisi siktirin gidin baÅŸka yerde oynayÄ±n...................,  siktirin gidin baÅŸka yerde oynayÄ±n...................,negative,3,tr
KaybettiÄŸim penalarÄ± bulmanÄ±n vermiÅŸ olduÄŸu haz...,kaybettiÄŸim penalarÄ± bulmanÄ±n vermiÅŸ haz...,negative,0,tr
@senabr6 Bunlar olduÄŸu sÃ¼rece daha Ã¶zgÃ¼r daha mutlu bir Ã¼lke olacaÄŸÄ±z., sÃ¼rece Ã¶zgÃ¼r mutlu Ã¼lke olacaÄŸÄ±z.,positive,1,tr
@senabr6 2 Ã¶nemli adÄ±m var.Ä°lki Ã¶nyargÄ±lardan sÄ±yrÄ±lmak.Ä°kincisi eÄŸitim sisteminin dÃ¼zelmesi ve dÃ¼ÅŸÃ¼nebilen bireyler yetiÅŸtirilmesi,  Ã¶nemli adÄ±m var.iÌ‡lki Ã¶nyargÄ±lardan sÄ±yrÄ±lmak.iÌ‡kincisi eÄŸitim sisteminin dÃ¼zelmesi dÃ¼ÅŸÃ¼nebilen bireyler yetiÅŸtirilmesi,negative,2,tr
@senabr6 Gitmek Ã§Ã¶zÃ¼m yolu deÄŸil. Esas mesele daha Ã¶zgÃ¼r bir TÃ¼rkiye oluÅŸturmak, gitmek Ã§Ã¶zÃ¼m yolu deÄŸil. esas mesele Ã¶zgÃ¼r tÃ¼rkiye oluÅŸturmak,negative,3,tr
@senabr6 Maalesef. Ben de bundan bahsediyorum iÅŸte, maalesef. bahsediyorum,negative,2,tr
@senabr6 FaÅŸist ve baskÄ±cÄ± hÃ¼kumetlere herzaman karÅŸÄ±yÄ±mdÄ±r, faÅŸist baskÄ±cÄ± hÃ¼kumetlere herzaman karÅŸÄ±yÄ±mdÄ±r,negative,2,tr
@senabr6 KatÄ±lmÄ±yor olabilirsin katÄ±lmak zorunda da deÄŸilsin herkesin kendine ait gÃ¶rÃ¼ÅŸleri vardÄ±r. Senin gÃ¶rÃ¼ÅŸlerini saygÄ±yla karÅŸÄ±lÄ±yorum., katÄ±lmÄ±yor olabilirsin katÄ±lmak zorunda deÄŸilsin ait gÃ¶rÃ¼ÅŸleri vardÄ±r. gÃ¶rÃ¼ÅŸlerini saygÄ±yla karÅŸÄ±lÄ±yorum.,positive,4,tr
@senabr6 saygÄ±sÄ±zlÄ±ktÄ±r. Ä°steyen istediÄŸini yaÅŸamakta Ã¶zgÃ¼rdÃ¼r., saygÄ±sÄ±zlÄ±ktÄ±r. iÌ‡steyen istediÄŸini yaÅŸamakta Ã¶zgÃ¼rdÃ¼r.,negative,2,tr
@senabr6 Ve Ã¼lkelerin dininin olmamasÄ± gerektiÄŸi kanaatindeyim.Bu sebeple dini bir kuralÄ±n yasak haline getirilmesi diÄŸer gÃ¶rÃ¼ÅŸlere, Ã¼lkelerin dininin olmamasÄ± gerektiÄŸi kanaatindeyim.bu sebeple dini kuralÄ±n yasak haline getirilmesi gÃ¶rÃ¼ÅŸlere,negative,3,tr
